City_ID,City,Lat,Lng,Max Temp,Current Description,Humidity,Cloudiness,Wind Speed,Country,Description
0,Cherskiy,68.75,161.3,35.04,scattered clouds,76,44,22.86,RU,scattered clouds
1,Derzhavinsk,51.1,66.3167,30.85,clear sky,47,0,4.7,KZ,clear sky
2,Lao Cai,22.4833,103.95,74.44,broken clouds,88,68,1.32,VN,broken clouds
3,Avarua,-21.2078,-159.775,80.6,light rain,74,40,11.5,CK,light rain
4,Hasaki,35.7333,140.8333,63.0,few clouds,59,20,13.8,JP,few clouds
5,Paranhos,-23.8928,-55.4311,72.82,clear sky,52,6,9.22,BR,clear sky
6,Namibe,-15.1961,12.1522,81.05,scattered clouds,77,50,1.63,AO,scattered clouds
7,Baykit,61.67,96.37,19.9,overcast clouds,94,100,3.98,RU,overcast clouds
8,Tura,25.5198,90.2201,71.92,clear sky,84,0,4.76,IN,clear sky
9,Ribeira Grande,38.5167,-28.7,62.44,overcast clouds,91,100,13.33,PT,overcast clouds
10,Arraial Do Cabo,-22.9661,-42.0278,69.8,broken clouds,100,75,8.05,BR,broken clouds
11,Yankton,42.8711,-97.3973,42.8,overcast clouds,33,90,12.66,US,overcast clouds
12,Bredasdorp,-34.5322,20.0403,57.2,overcast clouds,94,100,3.8,ZA,overcast clouds
13,Chokurdakh,70.6333,147.9167,23.76,overcast clouds,95,100,4.27,RU,overcast clouds
14,Sitka,57.0531,-135.33,50.0,broken clouds,66,75,10.36,US,broken clouds
15,Omboue,-1.5746,9.2618,78.94,overcast clouds,84,96,3.67,GA,overcast clouds
16,East London,-33.0153,27.9116,65.71,broken clouds,84,52,12.26,ZA,broken clouds
17,Hobart,-42.8794,147.3294,46.0,few clouds,75,20,11.5,AU,few clouds
18,Yumen,40.2833,97.2,52.2,scattered clouds,24,38,5.88,CN,scattered clouds
19,Castro,-24.7911,-50.0119,56.84,scattered clouds,93,41,5.61,BR,scattered clouds
20,Nouakchott,18.0858,-15.9785,64.4,scattered clouds,88,48,12.66,MR,scattered clouds
21,Clyde River,70.4692,-68.5914,3.2,few clouds,92,20,8.05,CA,few clouds
22,Lavrentiya,65.5833,-171.0,30.11,overcast clouds,69,99,6.78,RU,overcast clouds
23,Atuona,-9.8,-139.0333,80.49,clear sky,74,2,17.31,PF,clear sky
24,Isangel,-19.55,169.2667,86.0,broken clouds,74,75,5.75,VU,broken clouds
25,Lagoa,39.05,-27.9833,61.27,overcast clouds,90,100,19.3,PT,overcast clouds
26,Mataura,-46.1927,168.8643,57.0,few clouds,78,13,7.0,NZ,few clouds
27,Bagdarin,54.4333,113.6,31.28,snow,92,100,4.92,RU,snow
28,Flinders,-34.5833,150.8552,63.0,few clouds,53,22,1.99,AU,few clouds
29,Albany,42.6001,-73.9662,53.01,overcast clouds,50,97,7.56,US,overcast clouds
30,Harper,4.375,-7.7169,81.37,broken clouds,80,79,7.63,LR,broken clouds
31,Hamilton,39.1834,-84.5333,52.0,overcast clouds,64,97,10.4,US,overcast clouds
32,Puerto Ayora,-0.7393,-90.3518,82.4,few clouds,74,20,14.97,EC,few clouds
33,Soe,-9.8607,124.284,65.79,scattered clouds,90,42,1.83,ID,scattered clouds
34,Manyana,-23.4,21.7167,59.25,clear sky,34,1,7.72,BW,clear sky
35,Granger,41.7481,-86.1257,36.0,light snow,86,90,6.67,US,light snow
36,Malangwa,26.8568,85.5581,78.04,scattered clouds,36,47,9.37,NP,scattered clouds
37,Hambantota,6.1241,81.1185,77.79,broken clouds,86,56,8.72,LK,broken clouds
38,Rikitea,-23.1203,-134.9692,77.76,scattered clouds,72,33,4.74,PF,scattered clouds
39,Lima,-12.0432,-77.0282,68.0,few clouds,83,20,18.41,PE,few clouds
40,Aktau,43.65,51.2,62.6,clear sky,45,0,22.37,KZ,clear sky
41,Rhyl,53.3196,-3.4886,48.0,overcast clouds,93,98,3.8,GB,overcast clouds
42,Butaritari,3.0707,172.7902,82.0,overcast clouds,76,92,18.19,KI,overcast clouds
43,Havelock,34.8791,-76.9013,68.0,clear sky,42,1,5.75,US,clear sky
44,New Norfolk,-42.7826,147.0587,46.0,few clouds,72,12,3.0,AU,few clouds
45,Betera,39.5833,-0.45,57.99,mist,100,75,2.3,ES,mist
46,Mahebourg,-20.4081,57.7,77.0,light rain,94,75,6.91,MU,light rain
47,Longyearbyen,78.2186,15.6401,26.6,broken clouds,68,75,6.91,SJ,broken clouds
48,Krasnoyarka,55.3333,73.1167,33.8,scattered clouds,44,40,11.18,RU,scattered clouds
49,Kalmunai,7.4167,81.8167,78.22,broken clouds,84,76,3.13,LK,broken clouds
50,Cape Town,-33.9258,18.4232,61.0,broken clouds,88,61,5.75,ZA,broken clouds
51,Komsomolskiy,40.4272,71.7189,55.4,broken clouds,82,75,9.22,UZ,broken clouds
52,Sturgeon Bay,44.8342,-87.377,37.4,overcast clouds,55,90,10.36,US,overcast clouds
53,Labuhan,-6.8844,112.2051,75.58,broken clouds,83,68,5.48,ID,broken clouds
54,Sakakah,29.9697,40.2064,78.8,clear sky,12,0,9.22,SA,clear sky
55,Lantawan,10.6167,123.9833,82.4,broken clouds,83,75,13.8,PH,broken clouds
56,Hilo,19.7297,-155.09,86.0,clear sky,45,1,13.8,US,clear sky
57,Punta Arenas,-53.15,-70.9167,44.01,clear sky,75,0,9.22,CL,clear sky
58,Norman Wells,65.282,-126.8329,32.0,overcast clouds,69,90,19.57,CA,overcast clouds
59,Salinopolis,-0.6136,-47.3561,77.36,overcast clouds,84,96,7.02,BR,overcast clouds
60,Pevek,69.7008,170.3133,29.44,few clouds,67,20,20.47,RU,few clouds
61,Denpasar,-8.65,115.2167,77.0,few clouds,78,20,2.3,ID,few clouds
62,Eyl,7.9803,49.8164,81.9,overcast clouds,77,86,8.28,SO,overcast clouds
63,Kathu,7.9178,98.3332,84.0,few clouds,100,20,1.14,TH,few clouds
64,Chapais,49.7834,-74.8492,24.8,light snow,80,90,11.5,CA,light snow
65,Kaitangata,-46.2817,169.8464,58.66,clear sky,57,8,4.34,NZ,clear sky
66,Cayenne,4.9333,-52.3333,78.01,light rain,94,90,7.52,GF,light rain
67,Kirovsk,48.6375,38.6428,47.77,broken clouds,88,70,16.2,UA,broken clouds
68,Nikolskoye,59.7035,30.7861,42.01,clear sky,52,0,8.95,RU,clear sky
69,Upernavik,72.7868,-56.1549,7.5,overcast clouds,84,97,5.01,GL,overcast clouds
70,San Vicente,-26.6167,-54.1333,63.63,scattered clouds,61,34,3.15,AR,scattered clouds
71,Bridgetown,13.1,-59.6167,78.8,few clouds,61,20,18.41,BB,few clouds
72,Beringovskiy,63.05,179.3167,28.99,few clouds,69,13,0.16,RU,few clouds
73,Geraldton,-28.7667,114.6,64.4,clear sky,63,0,13.8,AU,clear sky
74,Biltine,14.5333,20.9167,83.88,clear sky,7,0,7.09,TD,clear sky
75,Aguimes,27.9054,-15.4461,68.0,scattered clouds,72,40,17.27,ES,scattered clouds
76,Busselton,-33.65,115.3333,44.01,clear sky,91,4,9.6,AU,clear sky
77,Tasiilaq,65.6145,-37.6368,23.0,few clouds,68,20,1.14,GL,few clouds
78,Port Alfred,-33.5906,26.891,67.59,overcast clouds,81,90,16.04,ZA,overcast clouds
79,Esperance,-33.8667,121.9,53.6,broken clouds,100,75,5.75,AU,broken clouds
80,Soyo,-6.1349,12.3689,78.62,light rain,86,100,6.76,AO,light rain
81,Georgetown,5.4112,100.3354,81.0,few clouds,89,20,3.44,MY,few clouds
82,Bethel,41.3712,-73.414,69.8,clear sky,35,1,10.36,US,clear sky
83,Vila Do Maio,15.1333,-23.2167,69.8,clear sky,78,0,10.36,CV,clear sky
84,Linxi,39.7,118.4333,60.67,overcast clouds,48,100,0.16,CN,overcast clouds
85,Victor Harbor,-35.5667,138.6167,54.0,broken clouds,71,60,5.12,AU,broken clouds
86,Fairbanks,64.8378,-147.7164,45.0,clear sky,33,1,10.36,US,clear sky
87,Awjilah,29.1081,21.2869,61.56,scattered clouds,48,38,10.83,LY,scattered clouds
88,Portage,41.1667,-81.1998,39.99,broken clouds,65,75,10.36,US,broken clouds
89,El Carmen,8.5106,-73.4478,73.94,broken clouds,71,80,4.79,CO,broken clouds
90,Krasnoselkup,65.7,82.4667,-8.1,few clouds,97,15,7.9,RU,few clouds
91,Tuktoyaktuk,69.4541,-133.0374,17.6,snow,86,75,25.32,CA,snow
92,Ushuaia,-54.8,-68.3,44.6,few clouds,49,20,6.91,AR,few clouds
93,Faanui,-16.4833,-151.75,81.68,light rain,72,67,10.09,PF,light rain
94,Tiksi,71.6872,128.8694,11.95,light snow,94,100,11.18,RU,light snow
95,San Patricio,28.017,-97.5169,80.6,clear sky,50,1,18.41,US,clear sky
96,Nellikkuppam,11.7667,79.6833,81.37,overcast clouds,82,100,8.05,IN,overcast clouds
97,Yellowknife,62.456,-114.3525,46.4,clear sky,53,1,5.75,CA,clear sky
98,Aklavik,68.2191,-135.0107,21.2,snow,73,90,16.11,CA,snow
99,Bluff,-46.6,168.3333,57.0,moderate rain,78,70,7.0,NZ,moderate rain
100,Airai,-8.9266,125.4092,61.97,overcast clouds,80,90,0.31,TL,overcast clouds
101,The Pas,53.8251,-101.2541,39.2,overcast clouds,45,90,11.5,CA,overcast clouds
102,Gat,31.61,34.7642,64.99,clear sky,100,1,4.54,IL,clear sky
103,Jamestown,42.097,-79.2353,37.99,overcast clouds,55,90,6.91,US,overcast clouds
104,Shepsi,44.0361,39.1489,51.46,light rain,88,99,9.35,RU,light rain
105,Mayna,54.1135,47.6231,39.56,moderate rain,45,100,21.74,RU,moderate rain
106,Coquimbo,-29.9533,-71.3436,60.8,few clouds,77,20,2.3,CL,few clouds
107,Hargeysa,9.56,44.065,70.66,broken clouds,68,80,5.1,SO,broken clouds
108,Santander,43.4647,-3.8044,55.4,overcast clouds,94,90,3.44,ES,overcast clouds
109,Tibu,8.639,-72.7358,81.57,few clouds,69,17,1.77,CO,few clouds
110,Mookane,-23.688,26.6595,59.14,few clouds,63,20,5.97,BW,few clouds
111,Collecchio,44.754,10.2184,50.0,clear sky,54,1,1.99,IT,clear sky
112,Manado,1.487,124.8455,78.8,few clouds,83,20,1.14,ID,few clouds
113,Nileshwar,12.25,75.1,78.51,overcast clouds,83,100,7.52,IN,overcast clouds
114,Vallenar,-28.5708,-70.7581,60.22,clear sky,67,0,3.2,CL,clear sky
115,Lazaro Cardenas,17.9583,-102.2,82.62,broken clouds,43,73,10.11,MX,broken clouds
116,Katsuura,35.1333,140.3,66.2,clear sky,37,0,14.97,JP,clear sky
117,Talcahuano,-36.7167,-73.1167,57.2,overcast clouds,94,90,5.75,CL,overcast clouds
118,Chhoti Sadri,24.3833,74.7,73.53,overcast clouds,42,100,4.81,IN,overcast clouds
119,Carnarvon,-24.8667,113.6333,62.6,clear sky,72,0,8.05,AU,clear sky
120,Cabo San Lucas,22.8909,-109.9124,81.0,clear sky,50,1,10.36,MX,clear sky
121,Sulphur Springs,33.1385,-95.6011,57.0,scattered clouds,54,40,21.85,US,scattered clouds
122,Nuuk,64.1835,-51.7216,30.2,broken clouds,93,75,13.8,GL,broken clouds
123,Mantua,45.1667,10.7833,50.0,few clouds,76,11,4.61,IT,few clouds
124,Erdaojiang,41.7764,126.0319,56.75,clear sky,46,0,2.35,CN,clear sky
125,College,64.8569,-147.8028,44.6,few clouds,29,20,3.44,US,few clouds
126,Ancud,-41.8697,-73.8203,50.0,moderate rain,100,90,6.8,CL,moderate rain
127,Horta,38.5333,-28.6333,61.57,overcast clouds,91,99,13.78,PT,overcast clouds
128,Dingle,10.9995,122.6711,79.63,overcast clouds,80,100,7.18,PH,overcast clouds
129,Kimbe,-5.5502,150.1429,81.52,light rain,83,87,0.81,PG,light rain
130,Rusape,-18.5278,32.1284,51.73,overcast clouds,88,98,4.23,ZW,overcast clouds
131,Hovd,48.0056,91.6419,37.33,scattered clouds,65,31,4.34,MN,scattered clouds
132,Payakumbuh,-0.2202,100.6308,69.78,overcast clouds,96,94,1.83,ID,overcast clouds
133,Ahipara,-35.1667,173.1667,67.21,few clouds,79,18,5.64,NZ,few clouds
134,Caconda,-13.7333,15.0667,62.64,broken clouds,54,82,2.59,AO,broken clouds
135,Colac,-38.3333,143.5833,46.0,broken clouds,1,61,4.0,AU,broken clouds
136,Wanning,18.8003,110.3967,77.32,broken clouds,83,84,8.23,CN,broken clouds
137,Mar Del Plata,-38.0023,-57.5575,68.0,few clouds,88,20,12.66,AR,few clouds
138,Vila Franca Do Campo,37.7167,-25.4333,60.8,scattered clouds,100,40,12.66,PT,scattered clouds
139,Korla,41.7597,86.1469,61.05,broken clouds,31,60,2.66,CN,broken clouds
140,Victoria,22.2855,114.1577,73.0,broken clouds,80,76,1.01,HK,broken clouds
141,Saint-Philippe,-21.3585,55.7679,77.0,moderate rain,88,75,10.36,RE,moderate rain
142,Severo-Kurilsk,50.6789,156.125,34.79,overcast clouds,95,100,21.07,RU,overcast clouds
143,Takoradi,4.8845,-1.7554,81.14,overcast clouds,81,89,4.94,GH,overcast clouds
144,Muroto,33.2833,134.15,64.4,clear sky,63,0,4.61,JP,clear sky
145,Provideniya,64.3833,-173.3,30.2,clear sky,59,0,4.47,RU,clear sky
146,Dikson,73.5069,80.5464,7.68,overcast clouds,92,100,20.4,RU,overcast clouds
147,Tharad,24.3961,71.6267,78.51,few clouds,39,17,6.15,IN,few clouds
148,Singkang,2.1006,102.7994,77.0,few clouds,94,20,1.14,MY,few clouds
149,Husavik,66.0449,-17.3389,41.0,broken clouds,56,75,10.36,IS,broken clouds
150,Brae,60.3964,-1.353,41.0,broken clouds,70,75,17.27,GB,broken clouds
151,Leningradskiy,69.3833,178.4167,34.75,broken clouds,69,61,6.85,RU,broken clouds
152,Kuryk,43.2,51.65,62.87,overcast clouds,50,91,28.3,KZ,overcast clouds
153,Cidreira,-30.1811,-50.2056,69.64,scattered clouds,76,25,16.98,BR,scattered clouds
154,Vardo,70.3705,31.1107,44.6,clear sky,53,0,8.05,NO,clear sky
155,Saskylakh,71.9167,114.0833,-9.85,overcast clouds,99,91,2.04,RU,overcast clouds
156,Kanodar,24.1,72.3833,76.06,scattered clouds,50,49,6.6,IN,scattered clouds
157,Kihei,20.785,-156.4656,84.2,scattered clouds,54,40,11.5,US,scattered clouds
158,Luzhou,28.8724,105.4405,63.63,overcast clouds,89,100,1.86,CN,overcast clouds
159,Toktogul,41.8708,72.9402,48.24,moderate rain,90,100,2.19,KG,moderate rain
160,Maningrida,-12.0667,134.2667,79.97,scattered clouds,78,50,3.42,AU,scattered clouds
161,Paracuru,-3.41,-39.0306,82.0,scattered clouds,73,41,7.0,BR,scattered clouds
162,Filingue,14.3521,3.3168,92.52,scattered clouds,18,28,9.57,NE,scattered clouds
163,Hermanus,-34.4187,19.2345,60.01,overcast clouds,88,100,1.99,ZA,overcast clouds
164,Itupiranga,-5.1347,-49.3267,74.26,broken clouds,89,65,2.48,BR,broken clouds
165,Tygda,53.1167,126.3333,38.05,clear sky,32,9,10.92,RU,clear sky
166,Bhadra,29.1167,75.1667,71.89,overcast clouds,51,98,5.26,IN,overcast clouds
167,Tandil,-37.3217,-59.1332,64.99,clear sky,82,4,1.99,AR,clear sky
168,Guangyuan,32.442,105.823,56.7,overcast clouds,92,100,1.7,CN,overcast clouds
169,Soddy-Daisy,35.2359,-85.1908,71.01,scattered clouds,40,38,1.99,US,scattered clouds
170,Haines Junction,60.7522,-137.5108,48.2,broken clouds,43,55,10.36,CA,broken clouds
171,Cockburn Town,21.4612,-71.1419,80.6,scattered clouds,74,40,13.8,TC,scattered clouds
172,Erpeldange,49.8647,6.1147,46.0,scattered clouds,73,29,1.99,LU,scattered clouds
173,Kalisz,51.7611,18.091,46.0,scattered clouds,84,35,7.05,PL,scattered clouds
174,Narsaq,60.9167,-46.05,37.4,broken clouds,56,75,4.61,GL,broken clouds
175,Kuna,43.4918,-116.4201,62.01,clear sky,21,1,5.75,US,clear sky
176,Saldanha,-33.0117,17.9442,60.8,broken clouds,72,83,1.14,ZA,broken clouds
177,Amahai,-3.3333,128.9167,79.3,overcast clouds,84,99,2.26,ID,overcast clouds
178,Qaanaaq,77.484,-69.3632,-0.24,overcast clouds,72,99,6.31,GL,overcast clouds
179,Kavieng,-2.5744,150.7967,83.14,light rain,74,100,4.97,PG,light rain
180,San Policarpo,12.1791,125.5072,77.99,overcast clouds,85,100,6.35,PH,overcast clouds
181,Sidi Ali,36.0998,0.4206,60.33,overcast clouds,56,100,3.87,DZ,overcast clouds
182,Nampa,43.5407,-116.5635,62.01,clear sky,21,1,5.75,US,clear sky
183,Floriano,-6.7669,-43.0225,75.24,overcast clouds,87,100,3.87,BR,overcast clouds
184,Vila,42.0304,-8.1588,51.01,broken clouds,90,55,1.5,PT,broken clouds
185,Sorland,67.667,12.6934,40.8,overcast clouds,84,100,22.88,NO,overcast clouds
186,Kamenka,51.3223,42.7678,53.01,broken clouds,90,68,16.84,RU,broken clouds
187,Palmer,42.1584,-72.3287,68.0,broken clouds,32,75,8.05,US,broken clouds
188,Lodja,-3.4833,23.4333,68.47,overcast clouds,98,100,2.08,CD,overcast clouds
189,Thompson,55.7435,-97.8558,33.8,broken clouds,69,75,16.11,CA,broken clouds
190,Pangnirtung,66.1451,-65.7125,17.6,broken clouds,86,75,3.44,CA,broken clouds
191,Camacha,33.0833,-16.3333,64.4,scattered clouds,72,40,8.05,PT,scattered clouds
192,Praia,14.9215,-23.5087,69.8,clear sky,78,0,10.36,CV,clear sky
193,Ornskoldsvik,63.2909,18.7153,32.0,overcast clouds,100,100,4.61,SE,overcast clouds
194,Port-Gentil,-0.7193,8.7815,80.6,few clouds,94,20,7.2,GA,few clouds
195,Ljungby,56.8332,13.9408,43.0,clear sky,75,6,8.05,SE,clear sky
196,Bushehr,28.9684,50.8385,78.04,broken clouds,45,78,2.66,IR,broken clouds
197,Indian Head,38.6001,-77.1622,73.4,clear sky,28,1,8.05,US,clear sky
198,Ponta Do Sol,32.6667,-17.1,60.01,overcast clouds,64,89,3.0,PT,overcast clouds
199,Bambous Virieux,-20.3428,57.7575,77.0,light rain,94,75,6.91,MU,light rain
200,Novocherkassk,47.4181,40.0939,51.01,broken clouds,87,75,20.13,RU,broken clouds
201,Abbeville,50.1,1.8333,46.99,scattered clouds,83,33,4.81,FR,scattered clouds
202,Caravelas,-17.7125,-39.2481,73.89,overcast clouds,90,98,0.4,BR,overcast clouds
203,Muros,42.7762,-9.0603,52.0,overcast clouds,93,91,2.06,ES,overcast clouds
204,Kruisfontein,-34.0033,24.7314,60.01,few clouds,92,20,3.83,ZA,few clouds
205,Erlenbach,49.1725,9.2683,44.01,few clouds,80,15,1.43,DE,few clouds
206,Wladyslawowo,54.7909,18.4009,39.99,clear sky,87,0,2.3,PL,clear sky
207,Lubao,14.9167,120.55,80.6,overcast clouds,89,90,2.3,PH,overcast clouds
208,Flin Flon,54.7682,-101.865,39.2,overcast clouds,48,90,4.61,CA,overcast clouds
209,Murray Bridge,-35.1167,139.2667,53.01,clear sky,74,2,6.85,AU,clear sky
210,Bilibino,68.0546,166.4372,28.0,scattered clouds,71,35,3.56,RU,scattered clouds
211,Santa Vitoria Do Palmar,-33.5189,-53.3681,65.62,clear sky,78,7,9.53,BR,clear sky
212,Torbay,47.6666,-52.7314,37.0,overcast clouds,93,90,16.11,CA,overcast clouds
213,Montalvo,-1.8,-79.3333,78.78,light rain,93,92,1.9,EC,light rain
214,Vestmanna,62.1564,-7.1664,32.0,clear sky,80,6,6.91,FO,clear sky
215,Shimoda,34.6667,138.95,66.2,clear sky,42,0,16.11,JP,clear sky
216,Namatanai,-3.6667,152.4333,84.0,overcast clouds,72,100,8.28,PG,overcast clouds
217,Klaksvik,62.2266,-6.589,32.0,clear sky,80,6,6.91,FO,clear sky
218,Kasempa,-13.4584,25.8338,65.75,overcast clouds,66,100,6.6,ZM,overcast clouds
219,Constitucion,-35.3333,-72.4167,58.15,overcast clouds,91,100,19.93,CL,overcast clouds
220,Praya,14.9215,-23.5087,69.8,clear sky,78,0,10.36,CV,clear sky
221,Sao Joao Da Barra,-21.6403,-41.0511,72.75,broken clouds,73,54,14.76,BR,broken clouds
222,Port Hardy,50.6996,-127.4199,53.6,scattered clouds,71,40,18.41,CA,scattered clouds
223,Shache,38.4167,77.2406,59.92,overcast clouds,24,100,7.58,CN,overcast clouds
224,San Fernando,15.0286,120.6898,78.8,overcast clouds,89,90,2.3,PH,overcast clouds
225,Alice Springs,-23.7,133.8833,59.0,clear sky,36,0,6.78,AU,clear sky
226,Chuy,-33.6971,-53.4616,65.08,clear sky,78,4,9.44,UY,clear sky
227,La Ronge,55.1001,-105.2842,48.2,broken clouds,25,75,6.91,CA,broken clouds
228,Xinyu,27.8043,114.9334,67.37,light rain,92,43,2.35,CN,light rain
229,Kushiro,42.975,144.3747,44.6,scattered clouds,36,40,10.36,JP,scattered clouds
230,Badiraguato,25.3667,-107.5167,89.01,clear sky,23,1,9.22,MX,clear sky
231,Rio Grande,-32.035,-52.0986,70.0,scattered clouds,81,31,5.99,BR,scattered clouds
232,Hay River,60.8156,-115.7999,59.0,few clouds,29,20,2.3,CA,few clouds
233,Daru,-9.0763,143.2092,76.98,overcast clouds,92,100,9.44,PG,overcast clouds
234,Veraval,20.9,70.3667,79.56,overcast clouds,83,100,12.48,IN,overcast clouds
235,Trat,12.5,102.5,76.37,scattered clouds,88,37,0.76,TH,scattered clouds
236,Tara,56.8944,74.371,27.12,broken clouds,88,52,8.79,RU,broken clouds
237,Lebu,-37.6167,-73.65,55.42,overcast clouds,95,100,7.31,CL,overcast clouds
238,Puerto Leguizamo,-0.1934,-74.7819,73.74,overcast clouds,96,97,2.53,CO,overcast clouds
239,Adrar,20.5022,-10.0711,82.87,overcast clouds,7,93,8.68,MR,overcast clouds
240,Krasnovishersk,60.4078,57.082,25.95,scattered clouds,96,27,0.31,RU,scattered clouds
241,Izumo,35.3667,132.7667,55.4,clear sky,62,0,5.75,JP,clear sky
242,Kapaa,22.0752,-159.319,78.8,light rain,69,75,8.05,US,light rain
243,Cacapava Do Sul,-30.5122,-53.4914,61.7,clear sky,71,0,9.78,BR,clear sky
244,Dalvik,65.9702,-18.5286,41.0,broken clouds,56,75,10.36,IS,broken clouds
245,Matinha,-3.1006,-45.0336,73.92,light rain,92,100,3.42,BR,light rain
246,Beloha,-25.1667,45.05,70.21,broken clouds,76,75,13.96,MG,broken clouds
247,Nome,64.5011,-165.4064,37.4,clear sky,52,1,3.44,US,clear sky
248,Muyezerskiy,63.9333,31.65,29.7,broken clouds,91,68,3.06,RU,broken clouds
249,Sistranda,63.7256,8.834,39.2,light intensity drizzle,93,75,10.36,NO,light intensity drizzle
250,Samtredia,42.1537,42.3352,55.4,light rain,100,75,3.44,GE,light rain
251,Blackwater,-23.5833,148.8833,75.58,broken clouds,60,58,5.91,AU,broken clouds
252,Minot,48.2325,-101.2963,39.2,overcast clouds,35,90,12.66,US,overcast clouds
253,Boksitogorsk,59.474,33.8485,37.0,overcast clouds,71,99,4.38,RU,overcast clouds
254,Davenport,41.5236,-90.5776,44.6,broken clouds,36,75,8.05,US,broken clouds
255,Cap Malheureux,-19.9842,57.6142,75.99,overcast clouds,85,99,5.99,MU,overcast clouds
256,Vao,-22.6667,167.4833,73.27,scattered clouds,64,33,6.73,NC,scattered clouds
257,Jega,12.2175,4.3792,90.97,scattered clouds,33,41,8.21,NG,scattered clouds
258,Mangrol,21.1167,70.1167,79.54,overcast clouds,82,100,11.1,IN,overcast clouds
259,Manuk Mangkaw,4.8,119.85,80.92,overcast clouds,79,100,3.98,PH,overcast clouds
260,Tecpan,14.7623,-90.9947,73.0,broken clouds,83,75,9.22,GT,broken clouds
261,Xining,36.6167,101.7667,45.45,overcast clouds,54,94,1.59,CN,overcast clouds
262,Malakal,9.5334,31.6605,88.86,overcast clouds,29,85,4.36,SS,overcast clouds
263,Tiarei,-17.5333,-149.3333,80.6,light rain,78,75,8.05,PF,light rain
264,Markova,48.6758,24.4138,39.63,overcast clouds,83,99,4.56,UA,overcast clouds
265,Peniche,39.3558,-9.3811,59.0,broken clouds,83,63,4.0,PT,broken clouds
266,Elizabeth City,36.2946,-76.2511,66.99,clear sky,42,1,9.22,US,clear sky
267,Ilulissat,69.2167,-51.1,17.6,scattered clouds,67,39,8.05,GL,scattered clouds
268,Los Llanos De Aridane,28.6585,-17.9182,68.0,clear sky,64,0,10.36,ES,clear sky
269,Yulara,-25.2406,130.9889,62.6,clear sky,34,0,8.05,AU,clear sky
270,Baniyas,35.1819,35.9487,59.0,clear sky,77,0,4.61,SY,clear sky
271,Nalut,30.3333,10.85,68.49,few clouds,19,19,13.76,LY,few clouds
272,Ixtapa,20.7,-105.2,81.0,clear sky,69,1,14.97,MX,clear sky
273,Luanda,-8.8368,13.2343,77.0,overcast clouds,88,100,3.44,AO,overcast clouds
274,Ostrovnoy,68.0531,39.5131,35.13,clear sky,66,0,19.08,RU,clear sky
275,Luganville,-15.5333,167.1667,83.64,scattered clouds,78,32,8.52,VU,scattered clouds
276,Kenai,60.5544,-151.2583,48.2,few clouds,81,20,10.36,US,few clouds
277,Loreto,22.2667,-101.9667,81.12,clear sky,6,0,13.49,MX,clear sky
278,Klyuchi,52.2667,79.1667,25.88,clear sky,42,8,6.22,RU,clear sky
279,Grindavik,63.8424,-22.4338,35.6,broken clouds,87,75,8.05,IS,broken clouds
280,Biak,-0.9131,122.8766,77.65,overcast clouds,81,96,3.36,ID,overcast clouds
281,Hami,42.8,93.45,61.7,few clouds,28,11,8.5,CN,few clouds
282,Kodiak,57.79,-152.4072,44.6,haze,81,90,10.36,US,haze
283,Ayorou,14.7308,0.9174,89.38,few clouds,9,11,11.81,NE,few clouds
284,Fortuna,40.5982,-124.1573,54.0,overcast clouds,93,90,14.97,US,overcast clouds
285,Nikolsk,53.7189,46.0712,39.09,moderate rain,78,100,25.03,RU,moderate rain
286,Vila Velha,-20.3297,-40.2925,79.0,broken clouds,88,75,2.3,BR,broken clouds
287,Mount Gambier,-37.8333,140.7667,46.4,overcast clouds,81,90,10.36,AU,overcast clouds
288,Lata,40.1629,-8.3327,55.0,broken clouds,89,70,3.0,PT,broken clouds
289,Northampton,40.8754,-75.2499,69.8,scattered clouds,30,40,14.97,US,scattered clouds
290,Vaini,-21.2,-175.2,84.2,few clouds,79,20,5.75,TO,few clouds
291,Ulladulla,-35.35,150.4667,59.0,clear sky,47,0,11.5,AU,clear sky
292,Xuddur,4.1213,43.8894,76.5,overcast clouds,78,92,13.06,SO,overcast clouds
293,Barrow,71.2906,-156.7887,19.4,clear sky,68,1,16.11,US,clear sky
294,Farafangana,-22.8167,47.8333,68.65,scattered clouds,86,25,3.36,MG,scattered clouds
295,Jining,35.405,116.5814,50.0,moderate rain,82,100,10.67,CN,moderate rain
296,Lompoc,34.6391,-120.4579,55.99,scattered clouds,71,50,12.66,US,scattered clouds
297,Brazzaville,-4.2658,15.2832,80.6,overcast clouds,89,95,1.14,CG,overcast clouds
298,Borba,-4.3878,-59.5939,74.48,broken clouds,97,84,1.97,BR,broken clouds
299,Talnakh,69.4865,88.3972,-9.09,broken clouds,86,81,1.97,RU,broken clouds
300,Campobello Di Mazara,37.6358,12.7443,53.6,scattered clouds,87,40,3.44,IT,scattered clouds
301,Makakilo City,21.3469,-158.0858,82.99,light rain,61,20,10.36,US,light rain
302,Cairns,-16.9167,145.7667,73.99,moderate rain,100,90,3.44,AU,moderate rain
303,Leh,34.1667,77.5833,32.68,light snow,78,100,3.62,IN,light snow
304,Sao Filipe,14.8961,-24.4956,72.75,overcast clouds,74,100,10.65,CV,overcast clouds
305,Rio Gallegos,-51.6226,-69.2181,46.4,clear sky,61,0,18.41,AR,clear sky
306,Kavaratti,10.5669,72.642,83.19,overcast clouds,71,87,6.24,IN,overcast clouds
307,Savannakhet,16.566,104.751,81.97,broken clouds,64,82,1.32,LA,broken clouds
308,Shahr-E Babak,30.1165,55.1186,63.43,scattered clouds,23,25,5.46,IR,scattered clouds
309,Pisco,-13.7,-76.2167,68.0,clear sky,83,0,24.16,PE,clear sky
310,Kendari,-3.945,122.4989,75.33,overcast clouds,92,100,4.09,ID,overcast clouds
311,Cabedelo,-6.9811,-34.8339,78.8,few clouds,100,20,6.91,BR,few clouds
312,Jacareacanga,-6.2222,-57.7528,75.54,broken clouds,87,81,2.1,BR,broken clouds
313,Tetouan,35.5711,-5.3724,59.0,few clouds,82,20,17.27,MA,few clouds
314,Prado,-17.3411,-39.2208,74.73,overcast clouds,88,98,1.05,BR,overcast clouds
315,Port Elizabeth,-33.918,25.5701,60.8,clear sky,94,0,5.75,ZA,clear sky
316,Sechura,-5.5569,-80.8222,76.71,broken clouds,58,60,17.83,PE,broken clouds
317,Tuatapere,-46.1333,167.6833,57.0,light rain,78,99,7.0,NZ,light rain
318,Calbuco,-41.768,-73.1273,50.0,moderate rain,100,90,6.02,CL,moderate rain
319,Merauke,-8.4667,140.3333,75.94,heavy intensity rain,93,100,14.2,ID,heavy intensity rain
320,Cap-Aux-Meules,47.3821,-61.8597,37.4,broken clouds,87,63,3.44,CA,broken clouds
321,Hithadhoo,-0.6,73.0833,82.08,broken clouds,68,60,6.58,MV,broken clouds
322,Sambava,-14.2667,50.1667,74.57,moderate rain,93,100,11.97,MG,moderate rain
323,Shirgaon,19.7,72.7,80.04,overcast clouds,74,92,3.85,IN,overcast clouds
324,Gondanglegi,-7.7479,112.0132,72.07,clear sky,85,6,5.95,ID,clear sky
325,Portland,45.5234,-122.6762,75.0,few clouds,17,20,5.75,US,few clouds
326,Aksarka,66.5606,67.7975,21.47,overcast clouds,94,96,7.29,RU,overcast clouds
327,Huanren,41.2647,125.3667,56.82,clear sky,52,2,3.76,CN,clear sky
328,Staraya Poltavka,50.4772,46.4814,47.91,light rain,65,100,26.75,RU,light rain
329,Khor,47.8861,134.9464,43.9,clear sky,26,0,7.18,RU,clear sky
330,Bonito,-21.1211,-56.4819,77.67,few clouds,36,22,3.31,BR,few clouds
331,Acapulco,16.8634,-99.8901,84.2,scattered clouds,70,40,12.66,MX,scattered clouds
332,Karonga,-9.9333,33.9333,71.91,light rain,81,100,4.09,MW,light rain
333,Hobyo,5.3505,48.5268,83.43,overcast clouds,71,94,9.51,SO,overcast clouds
334,Ustrzyki Dolne,49.4304,22.5938,39.99,broken clouds,100,77,5.99,PL,broken clouds
335,Carmelo,-33.9892,-58.2856,72.0,clear sky,73,0,12.66,UY,clear sky
336,Saint George,37.1041,-113.5841,79.0,clear sky,9,1,4.61,US,clear sky
337,Yichang,30.7144,111.2847,61.14,overcast clouds,96,100,1.95,CN,overcast clouds
338,Hongjiang,27.11,109.9956,65.82,overcast clouds,97,97,1.45,CN,overcast clouds
339,Sosnovo-Ozerskoye,52.5249,111.5418,35.76,broken clouds,70,84,6.53,RU,broken clouds
340,Mackay,-21.15,149.2,75.2,overcast clouds,78,90,4.61,AU,overcast clouds
341,South Daytona,29.1658,-81.0045,70.0,broken clouds,78,75,6.91,US,broken clouds
342,Sal Rei,16.1833,-22.9167,69.8,broken clouds,73,75,14.97,CV,broken clouds
343,Salalah,17.0151,54.0924,82.4,clear sky,74,0,3.44,OM,clear sky
344,Faya,18.3851,42.4509,60.8,clear sky,54,0,5.12,SA,clear sky
345,Morden,49.1919,-98.1014,33.8,overcast clouds,47,100,8.05,CA,overcast clouds
346,Santa Maria,-29.6842,-53.8069,69.8,clear sky,64,0,5.75,BR,clear sky
347,Fallon,39.4735,-118.7774,73.4,scattered clouds,9,40,11.5,US,scattered clouds
348,Teguldet,57.3064,88.1667,15.82,overcast clouds,95,100,3.51,RU,overcast clouds
349,Cimislia,46.52,28.7842,42.8,clear sky,81,0,5.75,MD,clear sky
350,Lamu,-2.2717,40.902,79.77,light rain,83,97,15.28,KE,light rain
351,Saint Anthony,45.0205,-93.218,41.0,overcast clouds,33,90,11.5,US,overcast clouds
352,Jutai,-5.1833,-68.9,73.67,broken clouds,96,71,3.6,BR,broken clouds
353,Luderitz,-26.6481,15.1594,69.22,clear sky,59,8,6.62,NA,clear sky
354,Altay,47.8667,88.1167,36.73,light rain,96,100,2.8,CN,light rain
355,Ilheus,-14.7889,-39.0494,75.2,broken clouds,100,75,4.61,BR,broken clouds
356,Gorontalo,0.5412,123.0595,77.18,overcast clouds,85,100,1.77,ID,overcast clouds
357,Tautira,-17.7333,-149.15,80.6,light rain,78,75,8.05,PF,light rain
358,Mosquera,4.7059,-74.2302,55.4,scattered clouds,82,40,12.66,CO,scattered clouds
359,Vestmannaeyjar,63.4427,-20.2734,39.97,few clouds,68,22,7.92,IS,few clouds
360,Ust-Maya,60.4167,134.5333,21.36,broken clouds,82,74,4.23,RU,broken clouds
361,Lasa,46.6166,10.7002,44.01,clear sky,70,0,3.44,IT,clear sky
362,Boa Vista,2.8197,-60.6733,84.2,clear sky,48,0,5.75,BR,clear sky
363,Kongolo,-5.3833,27.0,69.89,light rain,96,100,1.63,CD,light rain
364,Sola,-13.8833,167.55,83.16,scattered clouds,75,35,15.41,VU,scattered clouds
365,Port Blair,11.6667,92.75,80.04,scattered clouds,76,35,2.73,IN,scattered clouds
366,Srednekolymsk,67.45,153.6833,35.31,clear sky,96,9,9.51,RU,clear sky
367,Tobol,52.6844,62.5794,32.95,clear sky,49,0,7.14,KZ,clear sky
368,Kashan,33.9831,51.4364,74.8,scattered clouds,21,48,2.28,IR,scattered clouds
369,Brockville,44.5834,-75.6826,44.6,overcast clouds,49,90,5.75,CA,overcast clouds
370,Amparafaravola,-17.5833,48.2167,64.92,overcast clouds,87,100,8.23,MG,overcast clouds
371,Linqiong,30.4159,103.4609,59.0,overcast clouds,100,98,1.39,CN,overcast clouds
372,Rawson,-43.3002,-65.1023,59.13,overcast clouds,86,100,10.33,AR,overcast clouds
373,Doembang Nangbuat,14.8333,100.1,82.99,overcast clouds,99,95,5.08,TH,overcast clouds
374,Parana,-31.732,-60.5238,75.0,clear sky,71,0,5.99,AR,clear sky
375,Kirensk,57.7853,108.1119,15.15,broken clouds,89,65,2.59,RU,broken clouds
376,Coahuayana,18.7333,-103.6833,82.4,clear sky,28,1,17.27,MX,clear sky
377,Emba,48.8264,58.1442,32.09,few clouds,48,19,11.56,KZ,few clouds
378,Muravlenko,63.7898,74.523,1.13,scattered clouds,98,32,4.72,RU,scattered clouds
379,Mehamn,71.0357,27.8492,41.09,broken clouds,80,66,18.16,NO,broken clouds
380,Priyutnoye,46.1011,43.5072,57.31,moderate rain,86,100,9.42,RU,moderate rain
381,Esil,51.9556,66.4042,31.5,clear sky,44,1,5.95,KZ,clear sky
382,San Jose,37.3394,-121.895,64.0,few clouds,55,20,16.11,US,few clouds
383,Marietta,33.9526,-84.5499,73.99,few clouds,30,20,5.75,US,few clouds
384,Broken Hill,-31.95,141.4333,51.8,clear sky,58,0,10.36,AU,clear sky
385,Bengkulu,-3.8004,102.2655,75.4,scattered clouds,89,49,4.12,ID,scattered clouds
386,Kutum,14.2,24.6667,76.91,clear sky,9,2,10.94,SD,clear sky
387,Shakhtinsk,49.71,72.5872,12.2,clear sky,79,0,4.47,KZ,clear sky
388,Beyla,8.6833,-8.6333,71.26,overcast clouds,87,94,2.21,GN,overcast clouds
389,Peterongan,-7.5394,112.2792,73.4,haze,88,20,4.61,ID,haze
390,Rosetta,31.4044,30.4164,62.6,clear sky,63,0,11.5,EG,clear sky
391,Panzhihua,26.5851,101.7128,59.38,clear sky,44,0,2.84,CN,clear sky
392,Saint-Pierre,-21.3393,55.4781,77.0,light rain,88,75,10.36,RE,light rain
393,Albion,42.2431,-84.753,32.0,light snow,100,90,3.69,US,light snow
394,Lishui,28.4604,119.9103,61.16,clear sky,87,6,3.02,CN,clear sky
395,Ojinaga,29.5667,-104.4167,82.4,clear sky,11,1,4.61,MX,clear sky
396,Mittagong,-34.45,150.45,63.0,broken clouds,57,55,5.01,AU,broken clouds
397,Eydhafushi,5.1033,73.0708,82.78,overcast clouds,73,99,9.86,MV,overcast clouds
398,Khatanga,71.9667,102.5,-6.3,overcast clouds,99,100,2.84,RU,overcast clouds
399,Matagami,49.7502,-77.6328,17.6,light snow,86,90,16.11,CA,light snow
400,Margate,51.3813,1.3862,48.99,few clouds,97,12,6.02,GB,few clouds
401,Port Moresby,-9.4431,147.1797,80.6,scattered clouds,89,40,5.75,PG,scattered clouds
402,Shelburne,44.0787,-80.2041,36.0,overcast clouds,74,100,9.26,CA,overcast clouds
403,Usinsk,65.9939,57.5281,28.24,broken clouds,99,72,3.83,RU,broken clouds
404,Iracoubo,5.4802,-53.2011,75.04,overcast clouds,93,100,10.96,GF,overcast clouds
405,Grajau,-5.8194,-46.1386,72.93,overcast clouds,94,89,2.64,BR,overcast clouds
406,Mogocha,53.7333,119.7667,35.46,scattered clouds,46,32,4.05,RU,scattered clouds
407,Lloydminster,53.2835,-110.0016,50.0,broken clouds,20,75,9.22,CA,broken clouds
408,Banda Aceh,5.5577,95.3222,80.33,broken clouds,79,77,7.7,ID,broken clouds
409,Marzuq,14.4,46.4667,70.36,scattered clouds,46,32,4.0,YE,scattered clouds
410,Port Hedland,-20.3167,118.5667,68.0,overcast clouds,68,96,8.05,AU,overcast clouds
411,Pinega,64.7001,43.3936,34.92,clear sky,73,9,5.26,RU,clear sky
412,Waipawa,-41.4122,175.5153,64.0,moderate rain,72,20,10.36,NZ,moderate rain
413,Kondinskoye,59.6481,67.41,27.97,few clouds,95,23,5.53,RU,few clouds
414,Meulaboh,4.1363,96.1285,76.73,overcast clouds,86,90,3.67,ID,overcast clouds
415,Snasa,64.2457,12.3778,39.74,light rain,97,100,6.4,NO,light rain
416,Calabozo,8.9242,-67.4293,88.84,scattered clouds,26,36,3.94,VE,scattered clouds
417,Itoman,26.1247,127.6694,71.6,broken clouds,68,75,16.11,JP,broken clouds
418,Spokane,47.6166,-117.3677,62.6,clear sky,17,1,10.36,US,clear sky
419,Zhigansk,66.7697,123.3711,4.96,broken clouds,94,82,5.08,RU,broken clouds
420,Ghogha,21.6833,72.2833,84.65,overcast clouds,53,100,10.31,IN,overcast clouds
421,Santa Cruz,-17.8,-63.1667,78.8,few clouds,78,20,5.75,BO,few clouds
422,La Libertad,-2.2333,-80.9,80.6,clear sky,74,0,9.22,EC,clear sky
423,Gazanjyk,39.2446,55.5154,72.12,broken clouds,35,71,21.47,TM,broken clouds
424,Zhangye,38.9342,100.4517,51.55,scattered clouds,37,32,4.41,CN,scattered clouds
425,Shaki,41.0833,47.1667,62.6,overcast clouds,72,90,6.91,AZ,overcast clouds
426,Marquette,46.5333,-87.6335,30.99,overcast clouds,71,98,8.93,US,overcast clouds
427,Bubaque,11.2833,-15.8333,77.99,few clouds,71,17,19.73,GW,few clouds
428,Nsanje,-16.92,35.262,66.11,overcast clouds,94,100,1.66,MW,overcast clouds
429,Coihaique,-45.5752,-72.0662,50.0,broken clouds,66,75,10.36,CL,broken clouds
430,Tahe,52.3333,124.7333,42.71,clear sky,52,5,2.44,CN,clear sky
431,Zhezkazgan,47.8043,67.7144,28.08,clear sky,44,0,18.3,KZ,clear sky
432,Sterling,39.0062,-77.4286,72.0,few clouds,30,20,16.11,US,few clouds
433,Gardez,33.5974,69.2259,44.2,few clouds,66,19,3.6,AF,few clouds
434,Codrington,-38.2667,141.9667,51.35,overcast clouds,61,100,8.21,AU,overcast clouds
435,Nanortalik,60.1432,-45.2371,35.04,overcast clouds,77,100,6.29,GL,overcast clouds
436,Xai-Xai,-25.0519,33.6442,68.9,clear sky,78,0,5.48,MZ,clear sky
437,Severnyy,50.677,36.5532,39.2,light rain,100,75,11.18,RU,light rain
438,San Cristobal,7.7669,-72.225,86.0,scattered clouds,62,40,8.05,VE,scattered clouds
439,Qostanay,53.1667,63.5833,28.4,clear sky,74,0,8.95,KZ,clear sky
440,Catina,37.5021,15.0872,55.0,scattered clouds,87,40,6.91,IT,scattered clouds
441,Bathsheba,13.2167,-59.5167,78.8,few clouds,61,20,18.41,BB,few clouds
442,Kisesa,-3.0833,34.15,61.7,overcast clouds,89,99,6.04,TZ,overcast clouds
443,Saint-Francois,46.4154,3.9054,48.2,clear sky,81,0,2.3,FR,clear sky
444,Tagusao,9.1924,117.8141,79.88,overcast clouds,81,100,11.05,PH,overcast clouds
445,Ostrov,57.3439,28.3537,42.8,overcast clouds,75,98,4.47,RU,overcast clouds
446,Druzhba,52.0428,33.9453,39.4,overcast clouds,94,100,7.92,UA,overcast clouds
447,Guerrero Negro,27.9769,-114.0611,69.33,clear sky,54,3,16.46,MX,clear sky
448,Djibo,14.1022,-1.6306,87.48,clear sky,11,6,5.66,BF,clear sky
449,Tessalit,20.1986,1.0114,84.27,overcast clouds,5,95,6.69,ML,overcast clouds
450,Saint-Georges,12.0564,-61.7485,78.8,few clouds,78,20,12.66,GD,few clouds
451,Lakeway,30.3638,-97.9796,70.0,clear sky,40,1,11.5,US,clear sky
452,Dunedin,-45.8742,170.5036,59.59,clear sky,56,6,0.69,NZ,clear sky
453,Necochea,-38.5473,-58.7368,66.0,clear sky,74,0,5.99,AR,clear sky
454,Togur,58.3631,82.8265,20.95,light snow,95,100,6.51,RU,light snow
455,Maragogi,-9.0122,-35.2225,77.85,broken clouds,82,62,7.29,BR,broken clouds
456,Campos Belos,-13.0367,-46.7717,69.24,scattered clouds,86,27,2.44,BR,scattered clouds
457,Vanimo,-2.6741,141.3028,80.22,overcast clouds,80,100,1.32,PG,overcast clouds
458,Eureka,40.8021,-124.1637,60.01,broken clouds,76,74,11.99,US,broken clouds
459,Sangolqui,-0.3341,-78.4522,57.2,moderate rain,88,75,2.3,EC,moderate rain
460,San Roque,36.2107,-5.3842,62.6,few clouds,77,12,11.5,ES,few clouds
461,Dicabisagan,17.0818,122.4157,77.58,moderate rain,90,100,15.17,PH,moderate rain
462,Jalu,29.0331,21.5482,62.47,scattered clouds,42,42,11.23,LY,scattered clouds
463,Nelson Bay,-32.7167,152.15,64.99,scattered clouds,52,40,9.22,AU,scattered clouds
464,Matara,5.9485,80.5353,76.6,light rain,90,93,5.95,LK,light rain
465,Mayo,38.8876,-76.5119,68.0,clear sky,48,1,14.97,US,clear sky
466,Svetlogorsk,52.6333,29.7333,41.16,overcast clouds,91,92,6.64,BY,overcast clouds
467,Tau,59.0667,5.9,43.0,scattered clouds,81,40,13.8,NO,scattered clouds
468,Aktas,49.7789,72.9608,12.2,clear sky,79,0,4.47,KZ,clear sky
469,Shingu,33.7333,135.9833,62.6,clear sky,48,0,3.44,JP,clear sky
470,Pucallpa,-8.3791,-74.5539,84.2,scattered clouds,70,40,3.44,PE,scattered clouds
471,Joshimath,30.5667,79.5667,50.92,overcast clouds,95,100,2.62,IN,overcast clouds
472,Copalau,47.6167,26.8333,48.2,clear sky,71,0,10.36,RO,clear sky
473,Arnes,60.1211,11.4663,45.0,clear sky,61,0,5.75,NO,clear sky
474,Hammerfest,70.6634,23.6821,44.6,clear sky,57,0,2.3,NO,clear sky
475,Piney Green,34.716,-77.3202,66.99,clear sky,45,1,5.75,US,clear sky
476,Padang,-0.9492,100.3543,75.2,scattered clouds,94,40,1.14,ID,scattered clouds
477,Chaozhou,23.6651,116.6379,68.0,clear sky,77,0,1.92,CN,clear sky
478,Vilhena,-12.7406,-60.1458,73.4,scattered clouds,100,40,2.3,BR,scattered clouds
479,Svetlaya,46.5389,138.3297,43.54,clear sky,43,9,7.27,RU,clear sky
480,Yinchuan,38.4681,106.2731,57.33,overcast clouds,65,94,4.0,CN,overcast clouds
481,San Quintin,30.4833,-115.95,64.63,few clouds,65,20,13.91,MX,few clouds
482,Jasdan,22.0333,71.2,82.99,overcast clouds,100,100,11.43,IN,overcast clouds
483,Pangai,-19.8,-174.35,84.2,broken clouds,70,75,9.22,TO,broken clouds
484,Liverpool,53.4106,-2.9779,51.8,scattered clouds,76,40,8.05,GB,scattered clouds
485,Catania,37.5021,15.0872,55.0,scattered clouds,87,40,6.91,IT,scattered clouds
486,Buala,-8.145,159.5921,85.41,broken clouds,72,55,5.12,SB,broken clouds
487,Altamont,42.2068,-121.7372,57.99,broken clouds,44,75,4.16,US,broken clouds
488,Hirara,24.8,125.2833,73.4,broken clouds,88,75,16.11,JP,broken clouds
489,Mahon,39.8885,4.2658,55.4,clear sky,88,0,9.22,ES,clear sky
490,Chake Chake,-5.2459,39.7666,76.59,overcast clouds,87,97,13.35,TZ,overcast clouds
491,Kurilsk,45.2333,147.8833,32.36,snow,96,100,27.56,RU,snow
492,Rodrigues Alves,-7.738,-72.6509,86.0,scattered clouds,70,40,3.44,BR,scattered clouds
493,Ayagoz,47.9714,80.4392,19.98,overcast clouds,56,91,20.02,KZ,overcast clouds
494,Mitu,1.1983,-70.1733,75.04,overcast clouds,91,94,2.26,CO,overcast clouds
495,Ust-Kuyga,70.0167,135.6,15.87,overcast clouds,90,100,4.27,RU,overcast clouds
496,Toamasina,-18.1667,49.3833,73.4,broken clouds,88,75,10.36,MG,broken clouds
497,Laguna,38.421,-121.4238,73.99,clear sky,35,1,13.8,US,clear sky
498,Nagato,34.3833,131.2,59.0,clear sky,72,0,3.44,JP,clear sky
499,Verkhnyaya Inta,65.9811,60.3094,28.6,scattered clouds,97,40,10.22,RU,scattered clouds
500,Rognan,67.0953,15.3878,43.0,scattered clouds,80,47,7.05,NO,scattered clouds
501,Cruz,-2.9178,-40.1717,77.16,broken clouds,84,70,7.02,BR,broken clouds
502,Fare,-16.7,-151.0167,81.97,scattered clouds,70,40,10.22,PF,scattered clouds
503,Cangucu,-31.395,-52.6756,70.0,clear sky,79,4,4.0,BR,clear sky
504,Wiang Sa,8.6359,99.3666,79.0,few clouds,100,20,3.44,TH,few clouds
505,Khandyga,62.6667,135.6,15.57,overcast clouds,90,100,4.38,RU,overcast clouds
506,Gamba,-2.65,10.0,77.27,broken clouds,88,59,3.33,GA,broken clouds
507,Coolum Beach,-26.5333,153.1,77.0,clear sky,74,0,9.46,AU,clear sky
508,Nuevo Casas Grandes,30.4167,-107.9167,79.0,scattered clouds,8,33,5.01,MX,scattered clouds
509,Kalanchak,46.2562,33.2907,46.99,overcast clouds,100,100,9.13,UA,overcast clouds
510,Iqaluit,63.7506,-68.5145,24.8,overcast clouds,80,90,19.57,CA,overcast clouds
511,The Valley,18.217,-63.0578,80.6,few clouds,78,20,10.36,AI,few clouds
512,Ormara,25.2088,64.6357,80.56,clear sky,69,0,11.74,PK,clear sky
513,Jijiga,9.35,42.8,65.59,scattered clouds,55,28,3.6,ET,scattered clouds
514,Sur,22.5667,59.5289,82.42,clear sky,37,3,9.86,OM,clear sky
515,Itarema,-2.9248,-39.9167,77.36,broken clouds,84,58,7.31,BR,broken clouds
516,Avera,33.194,-82.5271,73.4,clear sky,56,1,5.75,US,clear sky
517,Marechal Candido Rondon,-24.5561,-54.0567,69.3,few clouds,59,16,1.5,BR,few clouds
518,Eirunepe,-6.6603,-69.8736,74.03,moderate rain,98,92,2.8,BR,moderate rain
519,Gunjur,13.2019,-16.7339,71.82,clear sky,77,9,18.72,GM,clear sky
520,Broome,42.2506,-75.833,48.99,clear sky,61,1,13.8,US,clear sky
521,Lakki Marwat,32.6079,70.9114,65.21,scattered clouds,62,31,5.32,PK,scattered clouds
522,Muskogee,35.5834,-95.3336,44.6,overcast clouds,65,90,12.66,US,overcast clouds
523,Port Lincoln,-34.7333,135.8667,55.83,few clouds,56,15,4.16,AU,few clouds
524,Marsh Harbour,26.5412,-77.0636,79.54,overcast clouds,76,100,14.63,BS,overcast clouds
525,Atar,20.5169,-13.0499,82.11,broken clouds,14,62,4.85,MR,broken clouds
526,Rantepao,-2.9701,119.8978,66.0,overcast clouds,93,98,2.35,ID,overcast clouds
527,Neyshabur,36.2133,58.7958,64.27,scattered clouds,40,28,1.63,IR,scattered clouds
528,Morrope,-6.5417,-80.0111,71.6,clear sky,73,0,20.71,PE,clear sky
529,Bonthe,7.5264,-12.505,81.95,broken clouds,81,52,7.05,SL,broken clouds
530,Mianyang,31.4593,104.7542,57.25,overcast clouds,95,99,1.5,CN,overcast clouds
531,Marsa Matruh,31.3525,27.2453,60.8,broken clouds,67,75,13.8,EG,broken clouds
532,Pangkalanbuun,-2.6833,111.6167,73.53,light rain,87,23,2.06,ID,light rain
533,Antofagasta,-23.65,-70.4,62.6,few clouds,77,20,12.66,CL,few clouds
534,Nizhniy Kuranakh,58.8353,125.4869,27.5,broken clouds,82,84,1.88,RU,broken clouds
535,Pangody,65.85,74.4859,1.53,overcast clouds,99,90,4.63,RU,overcast clouds
536,Marco,25.9726,-81.729,81.0,clear sky,74,1,12.66,US,clear sky
537,Navolato,24.7672,-107.6944,89.01,clear sky,23,1,9.22,MX,clear sky
538,West Point,33.6076,-88.6503,75.2,clear sky,31,1,4.61,US,clear sky
539,Abu Samrah,35.3029,37.1841,66.02,scattered clouds,47,37,4.74,SY,scattered clouds
540,Apiai,-24.5094,-48.8425,55.44,few clouds,98,21,2.33,BR,few clouds
541,Kindu,-2.95,25.95,69.01,overcast clouds,98,100,2.17,CD,overcast clouds
542,Kosa,59.9445,54.9977,31.59,few clouds,77,13,1.36,RU,few clouds
543,Champerico,14.3,-91.9167,87.8,broken clouds,70,75,9.22,GT,broken clouds
544,Abonnema,4.7084,6.7931,80.46,broken clouds,80,71,4.14,NG,broken clouds
545,Anori,-3.7728,-61.6442,74.43,broken clouds,96,80,2.51,BR,broken clouds
546,Najran,17.4924,44.1277,69.8,clear sky,21,0,3.04,SA,clear sky
547,Roma,43.2128,-75.4557,44.6,overcast clouds,57,90,6.91,US,overcast clouds
548,Oktyabrskiy,54.4815,53.471,34.0,scattered clouds,56,46,4.88,RU,scattered clouds
549,Sinnamary,5.3833,-52.95,74.84,overcast clouds,92,100,11.81,GF,overcast clouds
550,Kodino,63.7198,39.6447,35.49,few clouds,69,20,4.94,RU,few clouds
551,Javornik,50.3908,17.0027,42.01,light rain,83,63,1.99,CZ,light rain
552,De-Kastri,51.4667,140.7833,34.02,broken clouds,79,62,10.31,RU,broken clouds
553,Negombo,7.2083,79.8358,78.8,moderate rain,89,40,6.91,LK,moderate rain
554,Yaan,7.3833,8.5667,82.27,overcast clouds,66,95,11.5,NG,overcast clouds
555,Hofn,64.2539,-15.2082,36.66,few clouds,45,12,9.62,IS,few clouds
556,Macau,22.2006,113.5461,73.4,clear sky,78,0,10.36,MO,clear sky
557,Buin,-33.7333,-70.75,66.2,broken clouds,63,75,13.8,CL,broken clouds
558,Westport,41.1415,-73.3579,62.01,clear sky,55,1,18.41,US,clear sky
559,Jinchang,38.4953,102.1739,52.52,broken clouds,36,53,6.17,CN,broken clouds
560,Sumbe,-11.2061,13.8437,79.02,overcast clouds,88,100,4.09,AO,overcast clouds
561,Manta,-0.95,-80.7333,78.8,scattered clouds,83,40,11.5,EC,scattered clouds
562,Pontes E Lacerda,-15.2261,-59.3353,75.07,few clouds,81,14,3.69,BR,few clouds
563,Arecibo,18.4724,-66.7157,81.0,few clouds,77,20,4.0,PR,few clouds
564,Kitimat,54.0524,-128.6534,66.0,overcast clouds,39,95,3.0,CA,overcast clouds
565,Plyussa,58.4308,29.3654,40.53,overcast clouds,84,89,2.62,RU,overcast clouds
566,Byron Bay,-28.65,153.6167,71.6,clear sky,60,0,10.36,AU,clear sky
567,Natal,-5.795,-35.2094,80.6,few clouds,78,20,8.05,BR,few clouds
568,Grand Gaube,-20.0064,57.6608,75.99,light rain,86,98,1.99,MU,light rain
569,Kieta,-6.2167,155.6333,85.17,light rain,71,31,2.21,PG,light rain
570,Fengzhen,40.4394,113.1536,52.65,overcast clouds,56,100,4.74,CN,overcast clouds
571,Umm Lajj,25.0213,37.2685,85.75,broken clouds,35,66,4.72,SA,broken clouds
572,Ploemeur,47.7333,-3.4333,52.0,clear sky,62,0,9.22,FR,clear sky
573,Owensboro,37.7742,-87.1133,51.8,broken clouds,61,75,21.85,US,broken clouds
574,Klaebu,63.2976,10.4826,41.0,moderate rain,87,90,20.71,NO,moderate rain
575,Torres,-29.3353,-49.7269,67.37,scattered clouds,83,29,7.4,BR,scattered clouds
576,Jacmel,18.2342,-72.5347,87.8,broken clouds,45,75,17.27,HT,broken clouds
577,Huancavelica,-12.7667,-74.9833,40.32,overcast clouds,81,85,3.78,PE,overcast clouds
578,Nisia Floresta,-6.0911,-35.2086,80.6,few clouds,78,20,8.05,BR,few clouds
579,Suntar,62.1444,117.6319,16.45,overcast clouds,81,100,6.29,RU,overcast clouds
580,Cururupu,-1.8283,-44.8683,73.27,overcast clouds,96,92,2.42,BR,overcast clouds
581,Thinadhoo,0.5333,72.9333,81.77,broken clouds,69,61,5.95,MV,broken clouds
582,Pangoa,-12.1167,-73.0,73.4,broken clouds,87,73,1.59,PE,broken clouds
583,Manjacaze,-24.7117,33.8828,65.32,clear sky,82,0,4.07,MZ,clear sky
584,Narasannapeta,18.4167,84.05,80.38,scattered clouds,89,33,7.78,IN,scattered clouds
585,Kayerkan,69.3497,87.7602,-11.56,broken clouds,96,68,0.74,RU,broken clouds
586,Tarija,-21.5355,-64.7296,68.0,scattered clouds,64,40,4.59,BO,scattered clouds
587,Finnsnes,69.2296,17.9811,35.6,broken clouds,80,76,4.52,NO,broken clouds
588,Taonan,45.3333,122.7833,54.77,scattered clouds,36,36,9.44,CN,scattered clouds
589,Abnub,27.2696,31.1511,82.4,clear sky,30,0,14.97,EG,clear sky
590,Ballina,-28.8667,153.5667,71.6,clear sky,60,0,10.36,AU,clear sky
591,Pochutla,15.7432,-96.4661,86.0,scattered clouds,54,40,6.91,MX,scattered clouds
592,Lerwick,60.1545,-1.1494,41.0,broken clouds,70,75,17.27,GB,broken clouds
593,Yangambi,0.8102,24.4336,68.13,overcast clouds,99,95,1.61,CD,overcast clouds
594,Praia Da Vitoria,38.7333,-27.0667,64.4,few clouds,77,20,7.16,PT,few clouds
595,Columbus,39.9612,-82.9988,50.0,overcast clouds,53,90,16.11,US,overcast clouds
596,Darhan,49.4867,105.9228,35.78,clear sky,62,0,12.35,MN,clear sky
597,Datong,40.0936,113.2914,54.48,overcast clouds,54,100,4.76,CN,overcast clouds
598,Matay,28.419,30.7792,66.83,clear sky,45,0,21.61,EG,clear sky
599,Batemans Bay,-35.7167,150.1833,57.99,clear sky,61,9,4.0,AU,clear sky
600,Zlobin,45.2924,14.6541,46.4,clear sky,81,0,2.3,HR,clear sky
601,Prudy,57.5738,46.2718,35.74,overcast clouds,57,87,12.28,RU,overcast clouds
602,Kahului,20.8947,-156.47,84.2,scattered clouds,54,40,11.5,US,scattered clouds
603,Moron,-34.6534,-58.6198,73.0,clear sky,66,8,5.01,AR,clear sky
604,Endicott,42.0984,-76.0494,48.99,clear sky,61,1,13.8,US,clear sky
605,Bandarbeyla,9.4942,50.8122,81.21,overcast clouds,78,99,3.78,SO,overcast clouds
606,Mareeba,-17.0,145.4333,73.99,moderate rain,100,90,3.44,AU,moderate rain
607,Inhambane,-23.865,35.3833,69.58,light rain,86,18,7.14,MZ,light rain
608,Maceio,-9.6658,-35.7353,77.0,clear sky,88,0,4.61,BR,clear sky
609,Olafsvik,64.8945,-23.7142,39.38,broken clouds,79,55,10.89,IS,broken clouds
610,Butembo,0.15,29.2833,57.56,light rain,93,100,1.59,CD,light rain
611,Jati,24.3539,68.2671,78.51,clear sky,64,1,10.92,PK,clear sky
612,Bereznyky,48.5141,23.2198,40.12,overcast clouds,88,98,2.75,UA,overcast clouds
613,Belmonte,-15.8631,-38.8828,77.0,clear sky,83,0,5.75,BR,clear sky
614,Souillac,-20.5167,57.5167,77.0,broken clouds,94,75,6.91,MU,broken clouds
615,Touros,-5.1989,-35.4608,80.6,few clouds,78,20,8.05,BR,few clouds
616,Homer,59.6425,-151.5483,51.8,overcast clouds,58,90,6.91,US,overcast clouds
617,Comodoro Rivadavia,-45.8667,-67.5,50.0,clear sky,81,0,5.75,AR,clear sky
618,Barentu,15.1139,37.5928,83.05,clear sky,22,7,9.31,ER,clear sky
619,Otane,-39.8833,176.6333,64.0,light rain,84,100,5.99,NZ,light rain
620,Galle,6.0367,80.217,79.09,light rain,82,100,5.3,LK,light rain
621,Qaqortoq,60.7167,-46.0333,37.4,broken clouds,56,75,4.61,GL,broken clouds
622,Rochester,43.1548,-77.6156,42.01,overcast clouds,65,90,9.22,US,overcast clouds
623,Ilovlya,49.3033,43.9796,53.6,broken clouds,87,75,17.9,RU,broken clouds
624,Misratah,32.3754,15.0925,62.4,overcast clouds,67,89,17.02,LY,overcast clouds
625,Ahuimanu,21.4447,-157.8378,82.99,light rain,69,75,9.22,US,light rain
626,Chernyakhovsk,54.6335,21.8156,42.87,overcast clouds,74,87,5.21,RU,overcast clouds
627,Plouzane,48.3833,-4.6167,51.8,clear sky,71,0,6.91,FR,clear sky
628,Kristiansund,63.1115,7.732,35.6,mist,93,90,1.14,NO,mist
629,Mandalgovi,45.7625,106.2708,50.41,overcast clouds,28,98,7.02,MN,overcast clouds
630,Aripuana,-9.1667,-60.6333,73.81,broken clouds,95,63,1.68,BR,broken clouds
631,Ventspils,57.3894,21.5606,39.2,clear sky,93,0,1.14,LV,clear sky
632,Dhidhdhoo,6.8833,73.1,83.75,overcast clouds,71,93,8.9,MV,overcast clouds
633,Kapoeta,4.7717,33.5903,83.41,light rain,43,88,13.71,SS,light rain
634,North Platte,41.1239,-100.7654,44.6,clear sky,26,1,24.16,US,clear sky
635,Rehoboth,-23.3167,17.0833,64.13,few clouds,32,18,4.9,NA,few clouds
636,Akureyri,65.6835,-18.0878,41.0,broken clouds,56,75,10.36,IS,broken clouds
637,Jaromerice Nad Rokytnou,49.0941,15.8933,43.0,clear sky,75,0,6.91,CZ,clear sky
638,Kaduqli,11.0167,29.7167,88.07,broken clouds,12,76,2.42,SD,broken clouds
639,Serenje,-13.2325,30.2352,55.89,broken clouds,96,73,4.68,ZM,broken clouds
640,Solnechnyy,50.7214,136.6319,40.41,clear sky,48,3,0.69,RU,clear sky
641,Burnie,-41.0667,145.9167,51.01,clear sky,63,4,3.0,AU,clear sky
642,Vilyuysk,63.7553,121.6247,7.09,overcast clouds,93,100,1.79,RU,overcast clouds
643,Port Augusta,-32.5,137.7667,55.4,clear sky,71,0,3.44,AU,clear sky
644,Kalkar,51.7333,6.3,48.99,few clouds,81,13,5.41,DE,few clouds
645,Mustasaari,63.1142,21.6822,41.0,clear sky,93,0,3.44,FI,clear sky
646,Nedryhayliv,50.834,33.8763,42.31,overcast clouds,94,100,5.59,UA,overcast clouds
647,Plettenberg Bay,-34.0527,23.3716,65.23,scattered clouds,76,29,2.64,ZA,scattered clouds
648,Henties Bay,-22.116,14.2845,79.0,broken clouds,44,79,7.16,NA,broken clouds
649,Sabha,27.0377,14.4283,73.13,overcast clouds,20,95,16.98,LY,overcast clouds
650,Port Hawkesbury,45.6169,-61.3485,37.0,clear sky,100,1,6.91,CA,clear sky
651,Marawi,7.9986,124.2928,79.0,overcast clouds,75,92,5.01,PH,overcast clouds
652,San Antonio,29.4241,-98.4936,84.2,scattered clouds,28,40,4.61,US,scattered clouds
653,Kamyshevatskaya,46.4132,37.9563,48.6,overcast clouds,92,99,24.09,RU,overcast clouds
654,Smiltene,57.4244,25.9016,45.0,overcast clouds,70,100,1.01,LV,overcast clouds
655,Hrymayliv,49.3321,26.0111,48.0,overcast clouds,66,100,4.18,UA,overcast clouds
656,Sorong,-0.8833,131.25,80.76,overcast clouds,84,94,4.74,ID,overcast clouds
657,Ketchikan,55.3422,-131.6461,57.2,clear sky,62,1,12.66,US,clear sky
658,Galesong,-5.3166,119.3661,73.4,few clouds,94,20,1.14,ID,few clouds
659,Javanrud,34.7961,46.5172,64.71,overcast clouds,36,100,2.53,IR,overcast clouds
660,Morondava,-20.2833,44.2833,77.14,broken clouds,67,70,6.51,MG,broken clouds
661,Tocopilla,-22.092,-70.1979,67.98,scattered clouds,77,50,8.14,CL,scattered clouds
662,Kharitonovo,61.4009,47.4978,32.54,scattered clouds,82,32,4.41,RU,scattered clouds
663,Serebryansk,49.6925,83.2892,12.2,scattered clouds,92,34,5.1,KZ,scattered clouds
664,Tabou,4.423,-7.3528,81.39,broken clouds,80,65,6.89,CI,broken clouds
665,Carballo,43.213,-8.691,50.0,broken clouds,93,55,1.99,ES,broken clouds
666,Buchanan,5.8808,-10.0467,78.8,light rain,94,40,7.4,LR,light rain
667,Kharan,28.5833,65.4167,71.62,clear sky,16,0,4.81,PK,clear sky
668,Malgrat De Mar,41.6466,2.7414,57.0,overcast clouds,93,90,1.14,ES,overcast clouds
669,Edea,3.8,10.1333,77.0,few clouds,100,20,3.44,CM,few clouds
670,Kuala Terengganu,5.3302,103.1408,77.0,few clouds,100,20,3.44,MY,few clouds
671,Bedford,52.1346,-0.4663,46.99,broken clouds,84,82,3.42,GB,broken clouds
672,Ewa Beach,21.3156,-158.0072,82.99,few clouds,61,20,10.36,US,few clouds
673,Quatre Cocos,-20.2078,57.7625,77.0,light rain,94,75,6.91,MU,light rain
674,Miles City,46.4083,-105.8406,35.6,overcast clouds,44,90,13.8,US,overcast clouds
675,Kulykivka,51.3735,31.6466,43.18,overcast clouds,94,100,8.97,UA,overcast clouds
676,Ayan,56.45,138.1667,30.27,broken clouds,67,60,9.19,RU,broken clouds
677,Shu,43.5983,73.7614,46.38,moderate rain,83,100,3.89,KZ,moderate rain
678,Beira,-19.8436,34.8389,77.0,scattered clouds,73,40,9.8,MZ,scattered clouds
679,Nanakuli,21.3906,-158.1547,82.99,light rain,61,20,10.36,US,light rain
680,Tezu,27.9167,96.1667,66.65,few clouds,40,14,4.65,IN,few clouds
681,Ust-Nera,64.5667,143.2,32.85,overcast clouds,91,100,5.19,RU,overcast clouds
682,Oum Hadjer,13.2954,19.6966,87.17,clear sky,7,3,10.74,TD,clear sky
683,Susaki,33.3667,133.2833,64.4,clear sky,63,0,4.61,JP,clear sky
684,Bull Savanna,17.8868,-77.5902,77.88,clear sky,68,10,14.29,JM,clear sky
685,Manono,-7.3,27.4167,67.73,overcast clouds,94,85,3.78,CD,overcast clouds
686,Vyartsilya,62.1764,30.693,36.68,broken clouds,72,72,4.79,RU,broken clouds
687,Lasem,-6.6922,111.4527,73.35,clear sky,84,4,6.49,ID,clear sky
688,America Dourada,-11.4553,-41.4361,72.21,broken clouds,79,83,1.28,BR,broken clouds
689,Tainan,22.9908,120.2133,75.2,scattered clouds,83,40,0.83,TW,scattered clouds
690,Malia,35.2833,25.4667,55.4,few clouds,82,20,5.86,GR,few clouds
691,Salta,-24.7859,-65.4117,68.0,scattered clouds,83,40,4.61,AR,scattered clouds
692,Neiafu,-18.65,-173.9833,84.2,scattered clouds,74,40,9.22,TO,scattered clouds
693,Nikel,69.4128,30.222,42.8,clear sky,52,0,16.11,RU,clear sky
694,Brigham City,41.5102,-112.0155,55.4,clear sky,13,1,3.44,US,clear sky
695,Maxixe,-23.8597,35.3472,68.4,light rain,89,14,6.4,MZ,light rain
696,Vostok,46.4856,135.8833,38.05,clear sky,27,0,8.66,RU,clear sky
697,Naze,28.3667,129.4833,69.8,scattered clouds,68,40,17.27,JP,scattered clouds
698,Reutlingen,48.4914,9.2043,44.01,clear sky,81,0,1.14,DE,clear sky
699,Tiznit,29.5833,-9.5,59.63,few clouds,77,13,4.52,MA,few clouds
700,Mingguang,32.7802,117.9638,56.95,overcast clouds,88,99,13.42,CN,overcast clouds
701,Asmara,15.3333,38.9333,59.47,few clouds,57,20,5.08,ER,few clouds
702,Wonthaggi,-38.6044,145.5913,54.0,light rain,66,74,5.73,AU,light rain
703,Carndonagh,55.25,-7.2667,40.87,clear sky,82,5,9.71,IE,clear sky
704,Puerto Carreno,6.189,-67.4859,90.5,broken clouds,34,82,1.05,CO,broken clouds
705,Paramonga,-10.6667,-77.8333,68.38,few clouds,86,14,9.6,PE,few clouds
706,Houlton,46.1262,-67.8403,48.2,overcast clouds,71,90,10.36,US,overcast clouds
707,Yelizovo,53.1873,158.3805,37.4,light snow,100,90,6.71,RU,light snow
708,Mauguio,43.6181,4.0074,53.01,clear sky,93,0,6.91,FR,clear sky
709,Lorengau,-2.0226,147.2712,83.77,overcast clouds,78,100,10.36,PG,overcast clouds
710,Cordoba,-31.4135,-64.1811,75.0,broken clouds,78,75,8.05,AR,broken clouds
711,Porto Velho,-8.7619,-63.9039,77.0,light rain,94,20,2.26,BR,light rain
712,Yenagoa,4.9247,6.2642,79.05,overcast clouds,84,87,3.76,NG,overcast clouds
713,Mizdah,31.4451,12.9801,60.28,few clouds,38,17,12.12,LY,few clouds
714,Camacari,-12.6975,-38.3242,75.2,heavy intensity rain,94,75,5.75,BR,heavy intensity rain
715,Caborca,30.5838,-111.101,90.0,broken clouds,10,73,7.0,MX,broken clouds
716,Domoni,-12.2569,44.5319,79.74,light rain,83,86,11.74,KM,light rain
717,Cibitoke,-2.8833,29.25,62.04,light rain,93,100,2.26,BI,light rain
718,Terracina,41.2863,13.2217,46.99,clear sky,75,6,5.99,IT,clear sky
719,Roald,62.5833,6.1333,37.4,few clouds,93,20,8.05,NO,few clouds
720,Listvyagi,53.6772,86.951,17.91,scattered clouds,87,29,3.51,RU,scattered clouds
721,Durusu,41.3053,28.6767,50.0,clear sky,87,0,1.14,TR,clear sky
